<?xml version="1.0" encoding="UTF-8"?>
<GenRun Id="impl_3" LaunchPart="xc7a35tcpg236-1" LaunchTime="1557758108">
  <File Type="WBT-USG" Name="usage_statistics_webtalk.html"/>
  <File Type="BG-DRC" Name="Product_wrapper.drc"/>
  <File Type="BG-BGN" Name="Product_wrapper.bgn"/>
  <File Type="BITSTR-SYSDEF" Name="Product_wrapper.sysdef"/>
  <File Type="BITSTR-LTX" Name="debug_nets.ltx"/>
  <File Type="BITSTR-LTX" Name="Product_wrapper.ltx"/>
  <File Type="BITSTR-MMI" Name="Product_wrapper.mmi"/>
  <File Type="BITSTR-BMM" Name="Product_wrapper_bd.bmm"/>
  <File Type="BITSTR-NKY" Name="Product_wrapper.nky"/>
  <File Type="BITSTR-RBT" Name="Product_wrapper.rbt"/>
  <File Type="BITSTR-MSK" Name="Product_wrapper.msk"/>
  <File Type="BG-BIN" Name="Product_wrapper.bin"/>
  <File Type="BG-BIT" Name="Product_wrapper.bit"/>
  <File Type="POSTROUTE-PHYSOPT-BUS-SKEW-RPX" Name="Product_wrapper_bus_skew_postroute_physopted.rpx"/>
  <File Type="POSTROUTE-PHYSOPT-BUS-SKEW-PB" Name="Product_wrapper_bus_skew_postroute_physopted.pb"/>
  <File Type="POSTROUTE-PHYSOPT-BUS-SKEW" Name="Product_wrapper_bus_skew_postroute_physopted.rpt"/>
  <File Type="RDI-RDI" Name="Product_wrapper.vdi"/>
  <File Type="POSTROUTE-PHYSOPT-TIMING-RPX" Name="Product_wrapper_timing_summary_postroute_physopted.rpx"/>
  <File Type="POSTROUTE-PHYSOPT-TIMING-PB" Name="Product_wrapper_timing_summary_postroute_physopted.pb"/>
  <File Type="POSTROUTE-PHYSOPT-TIMING" Name="Product_wrapper_timing_summary_postroute_physopted.rpt"/>
  <File Type="POSTROUTE-PHYSOPT-BLACKBOX-DCP" Name="Product_wrapper_postroute_physopt_bb.dcp"/>
  <File Type="POSTROUTE-PHYSOPT-DCP" Name="Product_wrapper_postroute_physopt.dcp"/>
  <File Type="ROUTE-BUS-SKEW" Name="Product_wrapper_bus_skew_routed.rpt"/>
  <File Type="ROUTE-CLK" Name="Product_wrapper_clock_utilization_routed.rpt"/>
  <File Type="ROUTE-SIMILARITY" Name="Product_wrapper_incremental_reuse_routed.rpt"/>
  <File Type="ROUTE-TIMING-RPX" Name="Product_wrapper_timing_summary_routed.rpx"/>
  <File Type="ROUTE-TIMING-PB" Name="Product_wrapper_timing_summary_routed.pb"/>
  <File Type="ROUTE-TIMINGSUMMARY" Name="Product_wrapper_timing_summary_routed.rpt"/>
  <File Type="ROUTE-STATUS-PB" Name="Product_wrapper_route_status.pb"/>
  <File Type="ROUTE-STATUS" Name="Product_wrapper_route_status.rpt"/>
  <File Type="ROUTE-PWR-RPX" Name="Product_wrapper_power_routed.rpx"/>
  <File Type="ROUTE-PWR-SUM" Name="Product_wrapper_power_summary_routed.pb"/>
  <File Type="ROUTE-PWR" Name="Product_wrapper_power_routed.rpt"/>
  <File Type="ROUTE-METHODOLOGY-DRC-PB" Name="Product_wrapper_methodology_drc_routed.pb"/>
  <File Type="ROUTE-METHODOLOGY-DRC-RPX" Name="Product_wrapper_methodology_drc_routed.rpx"/>
  <File Type="ROUTE-METHODOLOGY-DRC" Name="Product_wrapper_methodology_drc_routed.rpt"/>
  <File Type="ROUTE-DRC-RPX" Name="Product_wrapper_drc_routed.rpx"/>
  <File Type="ROUTE-DRC-PB" Name="Product_wrapper_drc_routed.pb"/>
  <File Type="ROUTE-DRC" Name="Product_wrapper_drc_routed.rpt"/>
  <File Type="ROUTE-BLACKBOX-DCP" Name="Product_wrapper_routed_bb.dcp"/>
  <File Type="ROUTE-DCP" Name="Product_wrapper_routed.dcp"/>
  <File Type="ROUTE-ERROR-DCP" Name="Product_wrapper_routed_error.dcp"/>
  <File Type="PHYSOPT-TIMING" Name="Product_wrapper_timing_summary_physopted.rpt"/>
  <File Type="PHYSOPT-DRC" Name="Product_wrapper_drc_physopted.rpt"/>
  <File Type="PHYSOPT-DCP" Name="Product_wrapper_physopt.dcp"/>
  <File Type="POSTPLACE-PWROPT-TIMING" Name="Product_wrapper_timing_summary_postplace_pwropted.rpt"/>
  <File Type="POSTPLACE-PWROPT-DCP" Name="Product_wrapper_postplace_pwropt.dcp"/>
  <File Type="PLACE-TIMING" Name="Product_wrapper_timing_summary_placed.rpt"/>
  <File Type="PLACE-PRE-SIMILARITY" Name="Product_wrapper_incremental_reuse_pre_placed.rpt"/>
  <File Type="PLACE-SIMILARITY" Name="Product_wrapper_incremental_reuse_placed.rpt"/>
  <File Type="PLACE-CTRL" Name="Product_wrapper_control_sets_placed.rpt"/>
  <File Type="PLACE-UTIL-PB" Name="Product_wrapper_utilization_placed.pb"/>
  <File Type="PLACE-UTIL" Name="Product_wrapper_utilization_placed.rpt"/>
  <File Type="PLACE-CLK" Name="Product_wrapper_clock_utilization_placed.rpt"/>
  <File Type="PLACE-IO" Name="Product_wrapper_io_placed.rpt"/>
  <File Type="PLACE-DCP" Name="Product_wrapper_placed.dcp"/>
  <File Type="PWROPT-TIMING" Name="Product_wrapper_timing_summary_pwropted.rpt"/>
  <File Type="PWROPT-DRC" Name="Product_wrapper_drc_pwropted.rpt"/>
  <File Type="PWROPT-DCP" Name="Product_wrapper_pwropt.dcp"/>
  <File Type="OPT-TIMING" Name="Product_wrapper_timing_summary_opted.rpt"/>
  <File Type="OPT-HWDEF" Name="Product_wrapper.hwdef"/>
  <File Type="OPT-METHODOLOGY-DRC" Name="Product_wrapper_methodology_drc_opted.rpt"/>
  <File Type="OPT-DRC" Name="Product_wrapper_drc_opted.rpt"/>
  <File Type="OPT-DCP" Name="Product_wrapper_opt.dcp"/>
  <File Type="INIT-TIMING" Name="Product_wrapper_timing_summary_init.rpt"/>
  <File Type="ROUTE-BUS-SKEW-RPX" Name="Product_wrapper_bus_skew_routed.rpx"/>
  <File Type="REPORTS-TCL" Name="Product_wrapper_reports.tcl"/>
  <File Type="ROUTE-BUS-SKEW-PB" Name="Product_wrapper_bus_skew_routed.pb"/>
  <File Type="PA-TCL" Name="Product_wrapper.tcl"/>
  <FileSet Name="sources" Type="DesignSrcs" RelSrcDir="$PSRCDIR/sources_1">
    <Filter Type="Srcs"/>
    <File Path="$PSRCDIR/sources_1/new/package_spi.vhd">
      <FileInfo>
        <Attr Name="Library" Val="SPI"/>
        <Attr Name="UsedIn" Val="synthesis"/>
        <Attr Name="UsedIn" Val="simulation"/>
      </FileInfo>
    </File>
    <File Path="$PSRCDIR/sources_1/new/package_controller.vhd">
      <FileInfo>
        <Attr Name="Library" Val="SPI"/>
        <Attr Name="UsedIn" Val="synthesis"/>
        <Attr Name="UsedIn" Val="simulation"/>
      </FileInfo>
    </File>
    <File Path="$PSRCDIR/sources_1/new/HallSensor.vhd">
      <FileInfo>
        <Attr Name="UsedIn" Val="synthesis"/>
        <Attr Name="UsedIn" Val="simulation"/>
      </FileInfo>
    </File>
    <File Path="$PSRCDIR/sources_1/new/package_motor.vhd">
      <FileInfo>
        <Attr Name="Library" Val="SPI"/>
        <Attr Name="UsedIn" Val="synthesis"/>
        <Attr Name="UsedIn" Val="simulation"/>
      </FileInfo>
    </File>
    <File Path="$PSRCDIR/sources_1/new/MOTOR.vhd">
      <FileInfo>
        <Attr Name="UsedIn" Val="synthesis"/>
        <Attr Name="UsedIn" Val="simulation"/>
      </FileInfo>
    </File>
    <File Path="$PSRCDIR/sources_1/new/ENCODER.vhd">
      <FileInfo SFType="VHDL2008">
        <Attr Name="UsedIn" Val="synthesis"/>
        <Attr Name="UsedIn" Val="simulation"/>
      </FileInfo>
    </File>
    <File Path="$PSRCDIR/sources_1/new/SPI_reciever.vhd">
      <FileInfo SFType="VHDL2008">
        <Attr Name="UsedIn" Val="synthesis"/>
        <Attr Name="UsedIn" Val="simulation"/>
      </FileInfo>
    </File>
    <File Path="$PSRCDIR/sources_1/new/SPI_topmodule.vhd">
      <FileInfo SFType="VHDL2008">
        <Attr Name="UsedIn" Val="synthesis"/>
        <Attr Name="UsedIn" Val="simulation"/>
      </FileInfo>
    </File>
    <File Path="$PSRCDIR/sources_1/new/SPI_trns.vhd">
      <FileInfo SFType="VHDL2008">
        <Attr Name="UsedIn" Val="synthesis"/>
        <Attr Name="UsedIn" Val="simulation"/>
      </FileInfo>
    </File>
    <File Path="$PSRCDIR/sources_1/new/Controller.vhd">
      <FileInfo>
        <Attr Name="UsedIn" Val="synthesis"/>
        <Attr Name="UsedIn" Val="simulation"/>
      </FileInfo>
    </File>
    <File Path="$PSRCDIR/sources_1/bd/Product/Product.bd">
      <FileInfo>
        <Attr Name="UsedIn" Val="synthesis"/>
        <Attr Name="UsedIn" Val="implementation"/>
        <Attr Name="UsedIn" Val="simulation"/>
      </FileInfo>
    </File>
    <File Path="$PSRCDIR/sources_1/bd/Product/hdl/Product_wrapper.vhd">
      <FileInfo>
        <Attr Name="UsedIn" Val="synthesis"/>
        <Attr Name="UsedIn" Val="simulation"/>
      </FileInfo>
    </File>
    <File Path="$PSRCDIR/sources_1/new/RotEncoder.vhd">
      <FileInfo>
        <Attr Name="AutoDisabled" Val="1"/>
        <Attr Name="UsedIn" Val="synthesis"/>
        <Attr Name="UsedIn" Val="simulation"/>
      </FileInfo>
    </File>
    <Config>
      <Option Name="DesignMode" Val="RTL"/>
      <Option Name="TopModule" Val="Product_wrapper"/>
    </Config>
  </FileSet>
  <FileSet Name="constrs_in" Type="Constrs" RelSrcDir="$PSRCDIR/constrs_1">
    <Filter Type="Constrs"/>
    <File Path="$PSRCDIR/constrs_1/new/BASYS_3.xdc">
      <FileInfo>
        <Attr Name="UsedIn" Val="synthesis"/>
        <Attr Name="UsedIn" Val="implementation"/>
      </FileInfo>
    </File>
    <Config>
      <Option Name="ConstrsType" Val="XDC"/>
    </Config>
  </FileSet>
  <FileSet Name="utils" Type="Utils" RelSrcDir="$PSRCDIR/utils_1">
    <Filter Type="Utils"/>
    <Config>
      <Option Name="TopAutoSet" Val="TRUE"/>
    </Config>
  </FileSet>
  <Strategy Version="1" Minor="2">
    <StratHandle Name="Vivado Implementation Defaults" Flow="Vivado Implementation 2018"/>
    <Step Id="init_design"/>
    <Step Id="opt_design"/>
    <Step Id="power_opt_design"/>
    <Step Id="place_design"/>
    <Step Id="post_place_power_opt_design"/>
    <Step Id="phys_opt_design"/>
    <Step Id="route_design"/>
    <Step Id="post_route_phys_opt_design"/>
    <Step Id="write_bitstream"/>
  </Strategy>
</GenRun>
